<?xml version="1.0" encoding="UTF-8"?>
<jdbcDataSource exportedWithPermissions="true"><folder>/public/Samples/Data_Sources</folder><name>FoodmartDataSource</name><version>1</version><label>Foodmart Data Source</label><description>Foodmart Data Source</description><creationDate>2015-03-31T05:17:22.901-07:00</creationDate><updateDate>2015-05-04T12:26:10.386-07:00</updateDate><driver>org.postgresql.Driver</driver><connectionUrl>jdbc:postgresql://127.0.01:5432/foodmart601</connectionUrl><connectionUser>postgres</connectionUser><connectionPassword>ENC&lt;B7C77EB9023F241CECD504AD17BE454D&gt;</connectionPassword><timezone></timezone></jdbcDataSource>